site_no,logchan_width,clusterGeomorphIndex
1103280.0,2.7245795030534206,3
1104200.0,3.08922261664133,3
1104500.0,3.339765142143654,5
1104615.0,3.717831276063704,2
1109730.0,2.758014279139658,3
1111212.0,3.208239458746642,4
1112500.0,3.574730432423031,7
1113895.0,3.747030430755966,5
1123360.0,2.8015405441895487,4
1123600.0,2.7443821303496003,9
1124000.0,3.2433732964685884,6
1124151.0,2.9714395809849465,5
1127000.0,3.664586761544892,8
1129500.0,4.1596640283427435,11
1131500.0,4.816443564731814,9
1138500.0,4.301494223781961,8
1144500.0,4.9083810600575,14
1154500.0,4.730105361783089,15
1170500.0,4.9967053885627575,13
1172003.0,3.566146688731639,16
1172010.0,5.389026066673499,13
1184000.0,5.73026210746058,14
1197500.0,3.4375293109095457,4
1198125.0,3.5832411220909393,4
1199000.0,3.8097687713893897,11
1200500.0,4.1596640283427435,10
1200600.0,3.8751515306522415,11
1205500.0,4.1596640283427435,13
1312000.0,3.2192757448895275,5
1318500.0,4.602516668522528,8
1327750.0,4.9117537445361386,13
1336000.0,3.3664333892258154,6
1350101.0,3.466516847782798,16
1350180.0,2.482507941853692,16
1350355.0,3.3123661679555396,16
1351500.0,4.110873864173311,16
1357500.0,3.7103962975761857,16
1358000.0,5.659499637210654,16
1378690.0,1.9906103279732201,1
1379000.0,2.6411978941143697,2
1379700.0,2.476118143754921,1
1379845.0,2.4683960976610106,3
1380500.0,2.872999508171694,4
1381000.0,2.7828484111773966,2
1381900.0,3.802989084404011,3
1382000.0,4.349890764643811,4
1382170.0,2.246543702110421,1
1382500.0,2.21375387928743,2
1382800.0,2.422122145019485,2
1389005.0,4.384710529803039,4
1389492.0,3.0610517396746335,4
1389500.0,3.5574886259885243,7
1389802.0,3.323416004142125,14
1389890.0,4.723353141665802,6
1421610.0,1.3541584910898201,2
1423000.0,3.3499830315268464,5
1427207.0,4.267877612982976,10
1427510.0,5.195218181043716,9
1428500.0,4.623697490601975,8
1438500.0,5.091077921791119,8
1440200.0,5.303280032127782,12
1446500.0,5.100415057787059,10
1447500.0,3.2433732964685884,3
1447800.0,3.836437018471551,6
1449000.0,3.54875494601977,9
1451000.0,4.788907406923208,9
1454700.0,4.447346100794524,11
1457500.0,4.943782987108415,16
1463500.0,5.86007371898257,12
1467470.0,1.9843407149596248,2
1467471.0,1.9801390281059248,5
1468500.0,3.3769046890931107,6
1470500.0,4.085556056189021,5
1471510.0,4.407267877227114,10
1472000.0,4.492729106642342,7
1474500.0,4.4789831857377065,9
1498620.0,3.8097687713893897,11
1500500.0,4.048998460455223,10
1513831.0,5.297191733260527,14
1533400.0,5.521860837883573,13
1536500.0,5.407653718085453,14
1538700.0,5.73026210746058,14
1540500.0,5.73026210746058,14
1541200.0,3.8751515306522415,2
1542500.0,4.755355872751975,9
1545800.0,5.40285754582196,12
1551500.0,5.4165003222257475,12
1554000.0,6.540091608100723,15
1570500.0,6.720943656915318,15
1571820.0,2.7245795030534206,3
1572025.0,3.1692653243148663,6
1572190.0,3.5130368634176907,3
1573000.0,3.485385332087181,8
1573560.0,3.8495091000389037,7
1581649.0,2.2070648911366333,1
1595800.0,3.7823697972012753,3
1598500.0,3.6000482404073204,7
1600000.0,3.5574886259885243,9
1610000.0,4.301494223781961,9
1613000.0,4.670489652108734,15
1638500.0,5.6423502351377,14
1646500.0,3.754198920234579,16
2016500.0,3.8495091000389037,8
2019500.0,4.353820042783701,8
2024752.0,4.695878886113554,9
2025500.0,4.605570106009418,11
2026000.0,5.092015568367082,12
2029000.0,5.087318518867213,10
2035000.0,5.2677550609653965,12
2037000.0,2.890093941530994,1
2054500.0,3.466516847782798,4
2054530.0,3.3343450746743146,4
2055000.0,3.5574886259885243,5
2056000.0,2.986943767520912,6
2060500.0,4.0957602263632635,9
2068500.0,3.2433732964685884,3
2069000.0,3.6488384045767526,7
2071000.0,3.7823697972012753,9
2076000.0,4.085556056189021,13
2080500.0,5.274024673978992,13
2081022.0,4.516338972281476,16
2081500.0,2.704376795735901,2
2081747.0,3.2008136820497923,5
2082506.0,3.466516847782798,4
2082585.0,3.6165775423585313,5
2083500.0,4.105861322349767,8
2084000.0,4.125762476667062,7
2087500.0,3.7103962975761857,5
2088383.0,2.4799569200620866,1
2091814.0,4.45623504821177,16
2101726.0,2.246543702110421,1
2109500.0,3.5789948312094886,2
2110704.0,4.130676491469491,6
2111000.0,2.550226115908643,1
2115360.0,4.241902126579715,12
2124742.0,3.7325374234533992,5
2126000.0,4.120824195026479,15
2129000.0,5.148496881214991,13
2130561.0,4.440177611315912,12
2131000.0,4.635602393108293,16
2131010.0,4.617691466541763,13
2151500.0,4.347920320656512,12
2153200.0,4.403543478136132,8
2153551.0,5.172130366297652,9
2156409.0,4.380901001386372,9
2156500.0,4.695878886113554,11
2161000.0,5.046967223343646,10
2162500.0,3.664586761544892,4
2163001.0,3.717831276063704,4
2163500.0,3.7398101827824792,6
2167000.0,3.829836334440199,6
2168504.0,4.353820042783701,6
2187910.0,2.6837575085331657,3
2197000.0,4.726059503263545,12
2197320.0,4.596381679955012,13
2200120.0,3.3079118176061595,3
2201230.0,3.8624125048748117,16
2202040.0,3.687753820826426,7
2202190.0,3.8559816145445214,16
2202680.0,4.373238128640803,4
2203600.0,0.8207705300167427,1
2203603.0,1.6690267038457578,1
2203655.0,2.025414250167912,1
2203900.0,2.837908188360424,2
2204070.0,3.4521281103306984,3
2204520.0,3.761316388003443,2
2206500.0,2.7828484111773966,2
2207120.0,3.130044611161585,2
2207300.0,3.1366891538802535,4
2207335.0,3.032064202801381,4
2208000.0,3.531055368920369,5
2210500.0,4.454463568563388,8
2212735.0,4.596381679955012,6
2213000.0,4.361632582520494,9
2215000.0,4.11586140568435,16
2215500.0,4.499531853965094,16
2218300.0,3.6723689019869465,7
2223000.0,4.388505600771591,10
2223056.0,3.918501971525855,9
2223248.0,4.005513348515485,11
2223500.0,4.25063580654847,12
2224500.0,4.580877493419047,16
2232000.0,4.313814708170002,16
2234000.0,4.56354057376577,16
2234010.0,4.811493059571958,3
2234440.0,4.46153073578648,4
2234500.0,5.02916259871014,5
2236000.0,4.629667657588479,6
2294655.0,2.6001494246752435,2
2294775.0,3.3123661679555396,1
2294898.0,2.9069010598473755,16
2295637.0,3.08922261664133,2
2296750.0,3.789290240045849,3
2301988.0,2.2416932479766714,16
2301990.0,2.3389170222414357,16
2302010.0,2.476118143754921,1
2303000.0,3.0022112396517002,2
2304000.0,4.29735343111593,6
2310800.0,1.5851452198650557,16
2311500.0,2.6837575085331657,1
2312000.0,2.8015405441895487,16
2312300.0,2.9283363405674403,1
2312500.0,3.4107020686764016,2
2312558.0,3.836437018471551,2
2312598.0,4.330009394089982,16
2312600.0,4.330009394089982,2
2312720.0,4.410978456623649,2
2312722.0,4.502915951949335,16
2312762.0,4.080414656688602,2
2313000.0,3.6839297243880225,16
2313230.0,3.539944316337615,5
2313250.0,3.417726683613366,1
2314274.0,2.4098687582137206,1
2314500.0,3.4759955917373415,16
2315000.0,3.6165775423585313,1
2315500.0,3.539944316337615,4
2315550.0,3.680090948080857,6
2316000.0,2.96752568166381,16
2317000.0,2.8643414454285794,16
2317500.0,3.2546193457432158,7
2317755.0,2.890093941530994,3
2318500.0,3.4076763477598644,15
2319300.0,3.7823697972012753,4
2319394.0,3.789290240045849,6
2319500.0,4.357733942104837,12
2319800.0,4.46153073578648,10
2320000.0,4.485879764796767,11
2320500.0,4.429327595291846,11
2320700.0,1.8570789353486976,1
2321500.0,3.2433732964685884,2
2321975.0,3.8527505939630746,3
2322000.0,3.5832411220909393,2
2322500.0,3.775401127885182,5
2323500.0,4.793970708879755,16
2327355.0,2.6192189873955942,4
2327500.0,3.1166215908294443,16
2328522.0,3.6000482404073204,2
2329000.0,3.4375293109095457,4
2330000.0,4.2039087301405,5
2330150.0,3.906306698432037,16
2330450.0,2.890093941530994,2
2331000.0,3.54875494601977,3
2331600.0,3.918501971525855,3
2335000.0,4.105861322349767,3
2335450.0,4.197051560414364,3
2335830.0,4.403543478136132,8
2336000.0,4.272142011769433,7
2336490.0,4.005513348515485,7
2337170.0,4.284827171296749,10
2338000.0,4.4509111669590204,11
2338500.0,4.620698987605718,10
2339500.0,4.778703236748966,11
2343805.0,4.67191720409992,15
2344350.0,2.754138305294965,1
2344396.0,3.0610517396746335,1
2344500.0,3.2552077541155913,2
2344872.0,3.6488384045767526,6
2346180.0,4.219728269085393,7
2347500.0,4.150094577326593,8
2349500.0,4.219728269085393,16
2349605.0,4.276388302650885,9
2350512.0,4.529584199031496,10
2352500.0,3.912422925449473,16
2353000.0,4.418358563921272,12
2356000.0,4.670489652108734,13
2388900.0,2.9069010598473755,1
2388975.0,3.032064202801381,7
2389150.0,3.009758445287083,5
2391860.0,3.54875494601977,8
2392000.0,3.5574886259885243,10
2394000.0,4.614674873002337,8
2394670.0,3.839721093672741,13
2395000.0,4.120824195026479,9
2395980.0,4.135566476763683,8
2396000.0,3.9305503100420296,7
2411930.0,2.9364598620889195,5
2412000.0,3.3343450746743146,7
2414500.0,4.432957363342425,3
2414715.0,3.706657975465579,5
2418500.0,4.309724722918476,7
2419890.0,4.726059503263545,10
2423130.0,2.423474410269499,1
2423425.0,2.6411978941143697,4
2423496.0,3.137351186344023,3
2423500.0,2.8556077654598244,4
2423555.0,3.5130368634176907,4
2424000.0,4.00828727539821,7
2424590.0,3.6083470432220155,5
2458148.0,1.4867051470518033,1
2458200.0,2.278292400425001,1
2458300.0,2.573756613318837,1
2458502.0,2.550226115908643,1
2458600.0,2.872999508171694,16
2482550.0,3.9773424715487886,16
2483500.0,4.080414656688602,16
2485601.0,3.974481239267756,12
2486000.0,4.0110535288911,10
2488000.0,4.4961362649639565,10
2489000.0,4.513000071015961,16
3007800.0,3.2669037938787824,4
3010500.0,3.531055368920369,4
3015310.0,4.838422471450589,11
3016000.0,5.194372515031373,12
3025500.0,5.317592894167272,13
3031500.0,5.478240215407683,14
3036500.0,5.531569652010535,14
3049500.0,5.562487691413844,14
3050000.0,3.3664333892258154,3
3050500.0,3.5130368634176907,2
3051000.0,3.918501971525855,5
3054500.0,4.201628227441775,7
3056000.0,4.529584199031496,11
3057000.0,4.4509111669590204,10
3075500.0,3.323416004142125,3
3076500.0,3.775401127885182,5
3077500.0,4.272142011769433,9
3081000.0,4.720639435794205,8
3082500.0,4.353820042783701,11
3083500.0,4.7124538512077665,11
3086000.0,5.885826215084985,15
3086500.0,3.3664333892258154,4
3090500.0,3.566146688731639,8
3091500.0,3.1563619194789583,7
3094000.0,3.6408702349275757,10
3097550.0,3.9001528328576587,4
3098600.0,3.6000482404073204,6
3099500.0,4.048998460455223,6
3151520.0,2.837908188360424,3
3151600.0,3.289893312103481,5
3152000.0,3.1030159387736655,7
3153500.0,3.7683835552265355,8
3164000.0,5.025162593376793,8
3165500.0,4.656100914656634,8
3168000.0,4.932853916576225,8
3171000.0,5.14049328135447,13
3176500.0,5.372171735118517,11
3184500.0,5.357906157959694,13
3185400.0,4.681853410759049,12
3194700.0,3.906306698432037,8
3195500.0,3.924544285981818,10
3196600.0,4.206184043977636,13
3196800.0,4.125762476667062,7
3197000.0,4.3380094367570585,7
3216600.0,5.997943513205691,15
3217500.0,3.1883135192855607,2
3219500.0,3.6408702349275757,4
3221000.0,3.7252113833613265,9
3227500.0,4.145275290890644,9
3230700.0,4.32396707963402,16
3231500.0,4.770981190655056,8
3234500.0,4.701434455958156,12
3237020.0,4.641502115235482,13
3238000.0,6.202737925851705,15
3248300.0,2.6837575085331657,1
3249505.0,3.664586761544892,4
3250500.0,3.717831276063704,4
3251500.0,4.07524668653016,7
3253500.0,4.197051560414364,7
3254520.0,4.110873864173311,13
3261500.0,3.417726683613366,15
3262500.0,4.130676491469491,4
3262700.0,3.6368622135300366,8
3270500.0,4.5979189592738985,12
3271500.0,4.491021164297186,12
3271601.0,4.527938108124827,13
3271620.0,4.445558790220429,12
3272100.0,4.868168864557008,12
3274000.0,4.776135841243721,12
3282000.0,4.361632582520494,14
3282060.0,4.276388302650885,6
3282120.0,4.355778907269034,12
3282290.0,4.361632582520494,10
3284000.0,4.516338972281476,10
3284230.0,4.69866052907543,10
3284500.0,4.485879764796767,11
3286500.0,4.576178972637493,15
3287000.0,4.465045677893925,10
3287250.0,4.602516668522528,11
3287500.0,4.429327595291846,11
3290080.0,4.833579846974801,3
3290500.0,4.454463568563388,14
3294500.0,6.845241373592895,16
3305000.0,2.278292400425001,1
3306000.0,3.6408702349275757,7
3306500.0,3.717831276063704,7
3308500.0,4.038303171338476,9
3309000.0,4.0700518696530565,5
3316500.0,4.565129136450907,10
3322420.0,6.604079316776007,16
3322900.0,3.4076763477598644,4
3323000.0,3.761316388003443,7
3323500.0,3.574730432423031,6
3325000.0,4.272142011769433,7
3331500.0,4.145275290890644,6
3331753.0,3.664586761544892,3
3332605.0,4.1878349053094395,11
3333050.0,4.549128795104466,12
3336000.0,4.869340510853899,13
3340500.0,5.152033578093335,14
3341500.0,5.194372515031373,13
3342000.0,5.0567233982890105,14
3343000.0,5.226015454792631,14
3343010.0,5.200277213756111,14
3348000.0,3.624740852997692,3
3348130.0,3.7252113833613265,4
3349000.0,3.8624125048748117,5
3352953.0,5.094823244521281,4
3353611.0,4.392286323611497,5
3354000.0,4.440177611315912,10
3360500.0,4.549128795104466,12
3364000.0,4.2039087301405,6
3365500.0,4.394171338307268,7
3373500.0,4.7124538512077665,12
3373980.0,5.006961888729947,12
3374000.0,5.009000625419795,14
3377500.0,5.599273448230355,16
3378500.0,5.535787796258257,15
3378635.0,2.5967461315435356,3
3379500.0,3.172465327045537,16
3381500.0,3.77189849733398,10
3399800.0,6.917259965996383,16
3401000.0,3.7103962975761857,5
3402900.0,3.8877303128591016,5
3403500.0,3.754198920234579,8
3404000.0,4.192453851165734,8
3425000.0,4.852811208902689,14
3431500.0,4.9394256817394595,14
3432100.0,2.573756613318837,1
3432350.0,2.6411978941143697,2
3432376.0,1.182800239093135,1
3432400.0,2.550226115908643,1
3434500.0,3.3451559907785304,8
3435000.0,5.113342292288519,14
3438220.0,5.046967223343646,15
3439000.0,3.1166215908294443,3
3447687.0,3.9830404926634264,5
3453500.0,4.577747600410119,9
3454500.0,4.10082352831981,16
3455000.0,4.7069593318901255,10
3497300.0,3.323416004142125,5
3498500.0,3.82319179172153,4
3498850.0,3.3558512798952784,6
3500000.0,3.517572018583082,3
3501500.0,3.7823697972012753,6
3502000.0,4.110873864173311,16
3503000.0,4.178532512647126,6
3522000.0,2.8015405441895487,4
3568000.0,5.73026210746058,15
3578000.0,2.463214738919013,2
3582000.0,3.6000482404073204,10
3593500.0,5.424597532458367,16
3596000.0,2.9714395809849465,2
3597860.0,2.923430361798586,16
3598000.0,3.7103962975761857,6
3599240.0,4.043665114479861,4
3599500.0,3.664586761544892,11
3601990.0,3.9716117968398037,8
3603000.0,4.280616638760406,10
3609500.0,5.902633333401366,16
3611500.0,6.80211694695914,15
3612600.0,6.883462586413092,15
4031000.0,2.986943767520912,3
4046000.0,1.6832922810045805,1
4063000.0,4.284827171296749,11
4065106.0,4.353820042783701,9
4065722.0,4.623697490601975,10
4066003.0,4.549128795104466,10
4066030.0,4.8947754080017205,12
4066800.0,4.489310299893557,10
4073365.0,3.747030430755966,5
4073500.0,3.906306698432037,5
4084500.0,4.908381060057499,16
4086150.0,2.573756613318837,1
4086152.0,1.297463147413275,1
4086250.0,1.3541584910898201,1
4086360.0,3.6000482404073204,2
4086600.0,4.024771165119899,5
4087000.0,3.942455212548348,6
4099850.0,1.5851452198650557,1
4103010.0,3.08922261664133,3
4103500.0,3.2313971054218724,6
4105500.0,3.7103962975761857,12
4106906.0,4.367452191573759,16
4107850.0,3.7398101827824792,13
4108660.0,4.201628227441775,9
4108670.0,4.353820042783701,7
4109000.0,2.662704099335333,3
4111000.0,3.6165775423585313,8
4113000.0,3.906306698432037,9
4116000.0,4.192453851165734,9
4119000.0,4.895916309437513,13
4130500.0,2.7638002162067017,8
4159492.0,3.053883250196021,3
4160900.0,2.2937965869609664,4
4161000.0,2.476118143754921,4
4161820.0,3.032064202801381,5
4164000.0,3.1945831322991562,4
4165500.0,3.539944316337615,5
4182900.0,3.8751515306522415,8
4182950.0,4.208454192512175,7
4188337.0,3.07523637466659,1
4188400.0,2.754138305294965,2
4189000.0,3.3975239762958465,3
4189950.0,3.422714225124405,3
4193500.0,5.062531739884758,12
4200500.0,3.2433732964685884,2
4221000.0,3.656743584083866,3
4227500.0,3.664586761544892,10
4228500.0,3.7398101827824792,9
4232000.0,4.291109914476245,10
4235600.0,4.357733942104837,16
4252500.0,3.54875494601977,9
4260500.0,4.259293869291585,14
4296000.0,2.6411978941143697,3
5051600.0,2.011229615175956,1
5052000.0,2.526128564329582,1
5052075.0,3.0217167342759566,1
5053000.0,2.9069010598473755,2
5054500.0,1.2890948977427583,1
5055300.0,2.550226115908643,1
5055400.0,2.891787422037327,2
5058500.0,3.3664333892258154,11
5058600.0,3.182004350092296,7
5058700.0,2.986943767520912,11
5058980.0,3.802989084404011,1
5059000.0,2.7443821303496003,3
5059300.0,3.0738269311633566,6
5059480.0,3.612470760405878,16
5059500.0,2.573756613318837,4
5064000.0,3.07523637466659,2
5116000.0,3.0172491170162408,16
5117500.0,2.8198896828577453,2
5120000.0,2.872999508171694,1
5121000.0,3.0022112396517002,1
5122000.0,2.9714395809849465,1
5124000.0,2.8033906834777103,16
5200445.0,2.923430361798586,1
5200510.0,3.296123861854117,7
5220600.0,3.980195540531195,11
5227500.0,3.9716117968398037,7
5242300.0,3.948354934675536,11
5261000.0,4.617691466541763,13
5267000.0,4.778703236748966,12
5270700.0,5.239044955082965,12
5288500.0,5.226015454792631,14
5292000.0,2.7245795030534206,6
5301000.0,3.5832411220909393,8
5316580.0,4.090671156855792,11
5325000.0,4.5902088208479315,13
5330920.0,4.690292279404914,16
5331000.0,5.395965719784039,15
5389500.0,6.3726369626471016,16
5390101.0,2.423474410269499,1
5395000.0,4.429327595291846,11
5398000.0,4.765799831913059,10
5400760.0,4.999793399251335,11
5404000.0,4.9967053885627575,12
5407000.0,5.749870578848956,14
5420500.0,6.1390221114655965,15
5424057.0,3.4015973016834824,4
5424082.0,3.566146688731639,5
5425500.0,3.9943400479173596,10
5427085.0,4.334017415487521,10
5427530.0,4.849233387554804,6
5427570.0,4.974818115675257,8
5427718.0,1.674757378554743,1
5427850.0,2.7618752877971176,16
5428500.0,2.938076677315825,2
5430175.0,3.4759955917373415,6
5430500.0,4.447346100794524,10
5437500.0,5.0567233982890105,13
5437610.0,5.115175473370179,12
5440700.0,5.17385897519827,13
5443500.0,5.079757046166637,14
5446500.0,5.326528173273085,14
5449500.0,3.3123661679555396,2
5452500.0,3.948354934675536,8
5453100.0,4.192453851165734,9
5455700.0,4.361632582520494,9
5457000.0,3.2784646162798583,5
5457505.0,3.9600509744387278,7
5458300.0,4.8634685033766765,5
5463050.0,4.857561811661286,13
5464000.0,4.949203054577755,13
5464315.0,5.182457480453501,13
5464420.0,5.002871903478422,13
5465500.0,4.944869353320636,13
5465700.0,5.2864471939775495,14
5474500.0,6.504213320435821,15
5476000.0,3.2192757448895275,6
5476500.0,3.024684095503759,8
5476590.0,3.6328380632303117,9
5476750.0,3.802989084404011,9
5481300.0,4.436574003812613,12
5485500.0,4.757977106231849,13
5487500.0,4.804021044733257,13
5487520.0,4.614674873002337,16
5488110.0,4.890198740974308,14
5488500.0,4.932853916576225,13
5515000.0,2.7733696672228527,2
5515500.0,3.1419731820268586,7
5517530.0,3.6839297243880225,10
5518000.0,3.7103962975761857,9
5520500.0,4.855189331307656,9
5527500.0,5.565994416223054,12
5527800.0,2.21375387928743,2
5529000.0,3.531055368920369,2
5530990.0,1.9480507135544243,1
5531044.0,2.4888571695323507,2
5531300.0,2.9714395809849465,3
5531500.0,3.153761137778901,2
5532500.0,3.6165775423585313,5
5543500.0,5.202797164690624,14
5543800.0,2.5967461315435356,1
5543830.0,2.923430361798586,3
5545750.0,3.8877303128591016,6
5549500.0,3.7683835552265355,9
5549850.0,2.1176100187345277,2
5550001.0,4.4841600739172405,7
5551000.0,4.47551697776122,12
5551540.0,4.276388302650885,11
5552500.0,4.388505600771591,11
5558300.0,5.426611631830068,16
5570500.0,5.293367636822123,16
5570910.0,2.890093941530994,2
5572000.0,3.323416004142125,3
5573540.0,3.4759955917373415,4
5576500.0,3.8331421225746984,8
5578000.0,4.085556056189021,10
5583000.0,4.651743609287679,12
5586100.0,5.56307300018092,16
5587450.0,6.66421767551454,15
5590950.0,3.0553210649656486,2
5591200.0,3.2313971054218724,2
5592000.0,3.5574886259885243,7
5592100.0,3.338683476272913,8
5592500.0,3.695358420211645,10
5593000.0,3.87831109094261,11
5594100.0,3.7103962975761857,10
5595000.0,4.513000071015961,11
6023500.0,2.0706530356467567,2
6023800.0,2.0915862453132226,16
6024020.0,2.958069346421775,3
6024450.0,3.0172491170162408,16
6024580.0,3.9687340970121885,8
6026210.0,4.1738486633347,9
6037500.0,3.8559816145445214,10
6038500.0,3.4472854858549105,13
6038800.0,4.169142772297287,16
6040800.0,3.2192757448895275,11
6041000.0,3.912422925449473,14
6065500.0,4.301494223781961,15
6078200.0,5.0171142601939644,10
6090300.0,5.17558460116574,14
6090800.0,4.943782987108415,14
6109500.0,5.11883178457329,14
6115200.0,5.0271645960474665,14
6119600.0,2.309064059091755,4
6120500.0,2.837908188360424,5
6122800.0,2.4888571695323507,16
6123030.0,2.501435951739211,4
6126050.0,3.046663002222534,7
6126500.0,2.9069010598473755,6
6127500.0,3.182004350092296,4
6130500.0,3.032064202801381,11
6135000.0,3.7325374234533992,16
6140500.0,3.4759955917373415,7
6154100.0,2.890093941530994,2
6155030.0,2.278292400425001,7
6155500.0,3.3451559907785304,8
6155900.0,2.8153338663218848,7
6164510.0,3.456947396766647,10
6172310.0,3.162834433984576,3
6174500.0,3.3769046890931107,9
6177000.0,4.8993312245375815,15
6183450.0,1.7829709631949757,1
6185110.0,2.137592518321866,1
6185500.0,5.19267903452504,15
6186500.0,4.254974208147068,8
6191500.0,4.241902126579715,13
6192500.0,4.313814708170002,13
6214500.0,4.876341706312883,14
6218500.0,3.0022112396517002,5
6220800.0,3.417726683613366,11
6225500.0,3.9773424715487886,13
6227600.0,3.624740852997692,12
6228000.0,3.5574886259885243,10
6236100.0,4.284827171296749,12
6259000.0,4.048998460455223,13
6268600.0,3.7398101827824792,14
6274300.0,4.330009394089982,13
6279500.0,4.422028292810234,13
6287000.0,4.064829925671904,14
6295000.0,4.950283551711508,14
6298000.0,2.986943767520912,5
6299980.0,3.096143059485904,6
6306300.0,3.6083470432220155,4
6307500.0,3.4076763477598644,5
6307616.0,3.54875494601977,8
6307830.0,3.2100873188351216,8
6307990.0,3.6000482404073204,8
6308500.0,3.503904379854418,9
6309000.0,5.146723831105105,15
6313500.0,3.1914532392902286,6
6313590.0,3.2552077541155913,9
6317000.0,3.7252113833613265,10
6324500.0,3.656743584083866,9
6324710.0,3.456947396766647,11
6326500.0,3.7103962975761857,11
6327500.0,5.040080821314013,15
6334500.0,2.1798523276117487,16
6335500.0,3.2493080319884027,5
6337000.0,3.392408875629076,16
6341000.0,5.850462461072457,15
6342500.0,5.787970425081227,15
6386500.0,1.756995476791715,9
6395000.0,2.3750220268835522,16
6401500.0,0.946722938994357,16
6402600.0,3.0172491170162408,16
6403700.0,2.7394681155471714,16
6408650.0,3.1498472384577645,11
6425720.0,0.3166338944015487,1
6426500.0,1.597567739863613,2
6428500.0,2.501435951739211,5
6436000.0,1.8570789353486976,4
6437000.0,3.4472854858549105,4
6438500.0,3.8751515306522415,13
6439500.0,4.056945522147756,16
6440000.0,5.873890864535713,15
6454100.0,1.3775058550868113,2
6463720.0,4.513000071015961,14
6467500.0,5.7595324897606925,15
6468250.0,2.1447610078004784,2
6470000.0,2.6411978941143697,2
6470878.0,3.9999423034660295,3
6471000.0,3.5832411220909393,2
6472000.0,3.3343450746743146,3
6473000.0,3.6000482404073204,16
6475000.0,3.7325374234533992,6
6476000.0,4.1596640283427435,10
6477000.0,3.656743584083866,8
6478000.0,4.07524668653016,9
6478500.0,3.9305503100420296,9
6478513.0,3.8462570646525265,12
6479215.0,1.1921026317554486,1
6479438.0,2.1447610078004784,3
6479500.0,2.0706530356467567,16
6479520.0,2.694120295568712,4
6479525.0,2.602411869079213,3
6479770.0,2.8198896828577453,9
6480000.0,3.2131595178720915,5
6481000.0,3.918501971525855,6
6482000.0,3.2493080319884027,7
6482020.0,3.7103962975761857,8
6620000.0,3.7398101827824792,8
6642000.0,4.355778907269034,11
6656000.0,4.265738574734226,11
6657000.0,3.7029056258470283,13
6674500.0,4.038303171338476,16
6701900.0,3.1692653243148663,8
6710247.0,2.6680091515650264,16
6711565.0,3.6000482404073204,4
6714000.0,3.561827027587123,7
6714215.0,2.872999508171694,16
6721000.0,3.624740852997692,10
6764880.0,3.747030430755966,16
6768025.0,2.6541570387568747,16
6768035.0,4.357733942104837,7
6770200.0,5.24066177030987,16
6772100.0,1.6804553996693807,5
6780000.0,4.301494223781961,10
6785500.0,3.7398101827824792,7
6796000.0,5.750840981642234,16
6796500.0,5.57470780274862,16
6796550.0,4.580877493419047,8
6796973.0,2.309064059091755,4
6797500.0,3.182004350092296,4
6799000.0,4.048998460455223,8
6799315.0,4.293195420967266,2
6799350.0,4.241902126579715,11
6803080.0,2.4098687582137206,1
6803495.0,3.1756551224136373,5
6803500.0,3.456947396766647,5
6803513.0,3.4759955917373415,5
6813500.0,5.301761428950591,15
6818000.0,5.466709017808493,15
6818750.0,2.3960754360813845,3
6821190.0,3.2552077541155913,5
6824500.0,3.032064202801381,16
6828500.0,3.531055368920369,16
6837000.0,3.289893312103481,9
6843500.0,3.6165775423585313,10
6844500.0,3.539944316337615,9
6849500.0,3.1563619194789583,16
6850500.0,4.105861322349767,13
6853020.0,2.9069010598473755,16
6853500.0,3.2698065535367435,10
6854500.0,3.6083470432220155,11
6856000.0,3.8097687713893897,11
6857100.0,3.7858360051777615,9
6860000.0,0.5875088485369484,16
6861000.0,1.4189430449509843,16
6862700.0,1.550165500969029,16
6862850.0,1.5533965215504755,16
6863000.0,1.686121137205058,16
6864000.0,2.0091867135461556,5
6864050.0,2.5442559489221392,8
6864500.0,2.8198896828577453,8
6865500.0,2.9714395809849465,7
6866000.0,3.130044611161585,4
6866500.0,2.9999359258145644,6
6870200.0,3.3558512798952784,6
6879100.0,4.325985243790257,13
6881000.0,3.2192757448895275,4
6882510.0,3.680090948080857,9
6883000.0,2.7443821303496003,16
6884000.0,3.3123661679555396,11
6884025.0,3.485385332087181,11
6889000.0,4.975871301659915,14
6892350.0,5.048926087828979,15
6893000.0,5.628196487699606,15
6893100.0,2.3960754360813845,2
6893150.0,2.67328620866587,2
6893500.0,2.550226115908643,5
6893578.0,3.0822539473252366,4
6893590.0,3.2669037938787824,3
6893793.0,1.832981383769637,4
6893820.0,1.842690197896598,2
6894000.0,2.1447610078004784,16
6903400.0,2.526128564329582,1
6903900.0,2.662704099335333,2
6904010.0,3.2784646162798583,6
6904050.0,3.1692653243148663,7
6904500.0,3.2313971054218724,6
6905500.0,3.84299441901771,6
6906500.0,5.617171017687898,15
6909000.0,5.910932136216061,15
6910800.0,2.246543702110421,1
6911000.0,2.6920563113478604,1
6911400.0,3.5084810468818297,9
6913000.0,3.0473873774805753,4
6915800.0,3.680090948080857,4
6916600.0,3.485385332087181,9
6917380.0,2.3535158216625884,2
6917500.0,3.043033234171955,2
6917560.0,2.4501426573516603,3
6918060.0,3.0688781759240977,5
6918065.0,3.3343450746743146,6
6935965.0,5.927325945991738,15
7010000.0,6.202737925851705,15
7020500.0,6.274196889833849,15
7035800.0,3.499306670605789,6
7037500.0,3.456947396766647,7
7039500.0,3.9093694879625827,2
7040100.0,3.59587286899684,8
7047800.0,3.9773424715487886,1
7061500.0,3.539944316337615,7
7061600.0,3.503904379854418,16
7062500.0,3.829836334440199,12
7062575.0,4.030205961105857,11
7063000.0,3.574730432423031,10
7069000.0,4.25063580654847,12
7074420.0,4.667628419827702,13
7081200.0,2.0972200630314783,5
7083710.0,2.8198896828577453,9
7087050.0,2.902725688436895,8
7094500.0,3.5130368634176907,14
7099970.0,3.77189849733398,11
7103700.0,1.7303272297095538,7
7105500.0,2.513858471737768,9
7105800.0,2.994606640266481,13
7106300.0,3.046663002222534,16
7106500.0,3.1432898379116057,16
7109500.0,3.836437018471551,13
7124000.0,3.494687724749494,16
7130500.0,3.3440801434450673,11
7133000.0,2.3960754360813845,10
7134180.0,2.7743215949482347,16
7137500.0,3.0172491170162408,12
7138000.0,2.9069010598473755,16
7138020.0,2.7657214463845956,12
7138070.0,2.5051789380180454,16
7139000.0,3.3123661679555396,16
7139500.0,3.517572018583082,16
7140000.0,1.9906103279732201,16
7141220.0,2.359296184578088,16
7141300.0,2.1447610078004784,16
7142680.0,3.002968528593609,12
7143330.0,3.644862256197113,13
7143350.0,3.942455212548348,16
7143375.0,3.9001528328576587,16
7144300.0,4.125762476667062,12
7144550.0,4.325985243790257,13
7146500.0,4.8480379301500305,13
7148140.0,4.436574003812613,13
7154500.0,1.210451770423645,16
7155590.0,2.059047489526449,16
7156900.0,2.67328620866587,16
7157740.0,2.031432322493475,16
7157950.0,3.1432898379116057,16
7158000.0,3.829836334440199,16
7160000.0,4.380901001386372,10
7161450.0,4.932853916576225,12
7164500.0,5.8687317817256845,15
7165570.0,5.967171854538937,15
7165750.0,2.7245795030534206,3
7166500.0,2.9493217757313275,4
7170500.0,3.6165775423585313,7
7170990.0,3.8559816145445214,9
7176000.0,4.1596640283427435,9
7179500.0,2.562060573555646,3
7179710.0,3.4375293109095457,4
7179750.0,3.22535479096591,3
7180200.0,2.278292400425001,16
7180400.0,3.0022112396517002,5
7182250.0,2.9069010598473755,1
7182280.0,3.480701482774754,3
7182390.0,3.8656125076054826,8
7183000.0,3.9542200541279344,7
7183500.0,4.098295081966451,9
7185000.0,4.28272412109997,11
7190500.0,4.7124538512077665,14
7191500.0,5.048926087828979,14
7194500.0,5.919162635352577,15
7194760.0,2.6520088102185855,2
7194800.0,3.1030159387736655,3
7195400.0,3.2493080319884027,7
7195430.0,3.3123661679555396,16
7195500.0,3.5574886259885243,8
7196090.0,4.0700518696530565,11
7196500.0,3.7252113833613265,8
7207000.0,1.756995476791715,8
7211000.0,2.1447610078004784,3
7211500.0,2.0706530356467567,6
7221500.0,2.4501426573516603,16
7227000.0,1.8082887711792655,16
7227500.0,3.182004350092296,16
7228500.0,3.2955590496391585,16
7228940.0,3.3975239762958465,16
7229050.0,3.6328380632303117,16
7237500.0,2.5967461315435356,7
7238000.0,3.0393902428934543,7
7239000.0,2.828939518377663,6
7239300.0,2.7828484111773966,6
7239450.0,3.0022112396517002,4
7239500.0,3.046663002222534,7
7239700.0,3.270386095714657,7
7241000.0,2.9714395809849465,6
7241520.0,3.3451559907785304,4
7241550.0,3.417726683613366,8
7241800.0,3.3343450746743146,5
7242000.0,3.8656125076054826,8
7245000.0,5.154677916346426,14
7249455.0,5.815621956411737,15
7308500.0,4.28692580795367,16
7315500.0,4.532868274232686,12
7316500.0,2.031432322493475,16
7324400.0,1.3775058550868113,4
7325000.0,2.3389170222414357,4
7325500.0,3.0172491170162408,3
7327442.0,1.210451770423645,1
7327447.0,1.8082887711792655,1
7327550.0,2.367904559114688,2
7328100.0,3.417726683613366,6
7331000.0,4.05958056978576,8
7331600.0,4.852811208902689,14
7336820.0,5.43794886563323,14
7337000.0,4.933952214325288,14
7344370.0,5.094823244521281,14
7359001.0,4.325985243790257,6
7359002.0,4.28692580795367,6
7362000.0,4.347920320656512,12
7367005.0,5.3848390403192825,14
8057000.0,3.4759955917373415,16
8057410.0,3.490047345192992,16
8057448.0,3.2552077541155913,12
8062500.0,3.695358420211645,16
8062700.0,3.6083470432220155,16
8065350.0,4.140432666414855,12
8066250.0,4.429327595291846,12
8067000.0,4.833579846974801,16
8067252.0,4.472038713384896,16
8117995.0,1.297463147413275,16
8120700.0,1.6457698416814905,16
8121000.0,0.21127337874372232,16
8123850.0,2.3960754360813845,4
8124000.0,1.6973572104719838,16
8126380.0,2.309064059091755,6
8136700.0,2.3389170222414357,5
8138000.0,3.272700911563108,5
8147000.0,3.8877303128591016,7
8158000.0,4.164414631101341,5
8159200.0,4.347920320656512,11
8159500.0,4.276388302650885,11
8160400.0,4.228656899829694,11
8161000.0,4.321944834253252,10
8162000.0,4.293195420967266,11
8178000.0,2.196946760971049,1
8178050.0,2.647698458717463,4
8178565.0,2.6411978941143697,1
8181800.0,2.7638002162067017,16
8183200.0,2.769552868696152,2
8183500.0,3.2433732964685884,5
8188570.0,3.375340967116928,3
8378500.0,2.5967461315435356,5
8382600.0,3.096143059485904,16
8382650.0,2.898532810176859,5
8382830.0,2.955691224016807,16
8383500.0,3.1366891538802535,6
8384500.0,1.6804553996693807,16
8385500.0,2.319614269986907,16
8385643.0,3.08922261664133,16
8385648.0,3.046663002222534,16
8394024.0,2.837908188360424,7
8394033.0,2.858235887866094,8
8395500.0,3.3343450746743146,9
8399500.0,2.6302688235821794,2
8401500.0,3.032064202801381,10
8404000.0,4.197051560414364,16
8405200.0,1.7674667766590104,16
8406500.0,2.9396908826703663,8
8407000.0,2.501435951739211,16
8407500.0,2.526128564329582,16
8412500.0,2.5236865606740304,6
8418010.0,2.039400492142652,16
8420500.0,2.3389170222414357,4
8437710.0,1.7464133674611781,8
8446500.0,2.21375387928743,6
8447000.0,2.1624605848998795,9
8447300.0,3.323416004142125,16
9010500.0,2.256174595171382,2
9011000.0,2.476118143754921,4
9015000.0,3.361156332124972,2
9019500.0,2.4501426573516603,4
9034250.0,3.494687724749494,8
9046600.0,2.4888571695323507,7
9050700.0,2.999935925814565,3
9053500.0,3.317906348331155,8
9057500.0,2.7638002162067017,14
9058000.0,3.3769046890931107,9
9063000.0,1.756995476791715,2
9064600.0,2.8556077654598244,4
9067005.0,3.07523637466659,4
9067020.0,2.8334339079655027,6
9070000.0,3.490047345192992,9
9070500.0,3.9365204770285334,12
9085100.0,4.267877612982976,14
9093700.0,4.353820042783701,14
9095500.0,4.580877493419047,16
9163500.0,4.791442262526396,15
9165000.0,2.476118143754921,16
9166500.0,3.2552077541155913,9
9168730.0,2.423474410269499,4
9169500.0,2.6837575085331657,5
9171100.0,2.9396908826703663,5
9188500.0,3.7103962975761857,6
9196500.0,2.7245795030534206,6
9209400.0,4.353820042783701,12
9211200.0,4.284827171296749,11
9234500.0,3.82319179172153,14
9237450.0,2.367904559114688,6
9237500.0,2.662704099335333,5
9239500.0,3.1432898379116057,9
9240020.0,3.046663002222534,8
9244490.0,3.750621098886695,12
9247600.0,3.9600509744387278,8
9251000.0,3.9687340970121885,10
9251100.0,4.090671156855792,12
9260050.0,4.140432666414855,13
9261000.0,4.499531853965094,15
9272400.0,4.69866052907543,14
9337000.0,0.8140364978353987,2
9342500.0,3.1166215908294443,10
9346400.0,3.7141206966671683,10
9358000.0,2.423474410269499,9
9359020.0,3.1166215908294443,16
9359500.0,3.3451559907785304,12
9361500.0,3.6408702349275757,10
9362520.0,3.5789948312094886,6
9364010.0,3.417726683613366,11
9364500.0,3.664586761544892,10
9365000.0,3.9305503100420296,14
9368000.0,3.9999423034660295,13
9371010.0,4.291109914476245,13
9379910.0,4.92180408038964,15
9380000.0,4.836004090586307,15
9383100.0,4.641502115235482,15
9383400.0,1.500403991409965,3
9383430.0,1.8523056565960399,2
9383595.0,1.894466467420318,5
9384000.0,1.4299523304593538,3
9385700.0,0.7440779092284884,5
9386030.0,0.9873082191094354,16
9386300.0,0.3811724155391198,16
9394500.0,1.663262999129008,16
9397000.0,2.1321822255936183,16
9397300.0,3.4472854858549105,16
9400350.0,2.4593110254385397,16
9402000.0,2.923430361798586,16
9402300.0,3.3975239762958465,12
9402500.0,4.482437420605795,15
9404200.0,4.169142772297287,15
9406000.0,2.550226115908643,16
9406100.0,2.7245795030534206,5
9408135.0,2.6411978941143697,16
9408150.0,2.8773005900710844,10
9413200.0,2.8198896828577453,11
9413500.0,2.7828484111773966,16
9413700.0,2.828939518377663,10
9415000.0,2.9069010598473755,12
9421500.0,4.542656280598849,15
9423000.0,4.793970708879755,15
9427520.0,4.580877493419047,15
9429500.0,4.0329123227035995,15
9429600.0,3.7398101827824792,15
9430500.0,2.8198896828577453,16
9431500.0,2.872999508171694,11
9439000.0,2.828939518377663,10
9442000.0,2.6951506923626085,10
9448500.0,3.422714225124405,11
9466500.0,2.656300662300126,16
9469500.0,2.9714395809849465,12
9470500.0,1.5206066987274847,1
9471000.0,1.7001466125595626,16
9471040.0,1.4444453377619206,16
9471550.0,1.9906103279732201,16
9472000.0,2.278292400425001,16
9472050.0,2.458006393811875,16
9480500.0,2.476118143754921,16
9481740.0,1.5913757696156918,16
9482000.0,2.7875543022148093,16
9482500.0,2.7638002162067017,12
9486500.0,2.039400492142652,16
9486520.0,2.1554183022744664,9
9489000.0,2.064867098579713,16
9497500.0,3.6000482404073204,6
9503700.0,1.9906103279732201,16
9504000.0,2.8556077654598244,6
9506000.0,3.6839297243880225,6
9512406.0,3.024684095503759,7
9514100.0,3.1563619194789583,16
9519501.0,2.455392013237804,16
9519800.0,2.011229615175956,16
9520280.0,3.933539848890396,13
9520500.0,1.871263570340654,16
9521100.0,4.035611379672765,15
9522000.0,4.388505600771591,16
10016900.0,2.8198896828577453,10
10020100.0,2.9396908826703663,1
10020300.0,3.1030159387736655,3
10026500.0,3.096143059485904,3
10028500.0,2.955691224016807,4
10038000.0,3.2546193457432158,10
10092700.0,3.574730432423031,8
10118000.0,3.5130368634176907,11
10126000.0,4.0700518696530565,3
10129500.0,3.0610517396746335,7
10130500.0,2.734529833906589,10
10132000.0,2.9714395809849465,11
10136500.0,3.1393346580686776,9
10141000.0,3.08922261664133,2
10154200.0,2.652008810218585,5
10155000.0,3.0022112396517002,6
10155200.0,2.923430361798586,7
10155300.0,2.837908188360424,8
10155500.0,2.8815832518630855,8
10159500.0,2.872999508171694,10
10163000.0,2.7245795030534206,8
10174500.0,2.7245795030534206,6
10183500.0,2.501435951739211,8
10191500.0,3.0610517396746335,16
10205000.0,2.526128564329582,1
10219000.0,3.566146688731639,16
10224000.0,3.046663002222534,3
10257548.0,2.252974592440711,12
10257550.0,2.4501426573516603,16
10259100.0,2.463214738919013,16
10337500.0,2.986943767520912,5
10338000.0,3.289893312103481,16
10339419.0,3.2131595178720915,6
10344505.0,3.417726683613366,9
10346000.0,3.503904379854418,11
10347460.0,3.4759955917373415,7
10348000.0,3.5574886259885243,8
10348200.0,3.54875494601977,6
10350000.0,3.466516847782798,5
10350340.0,3.6839297243880225,4
10350400.0,3.668485401960549,9
10350500.0,3.574730432423031,12
10351600.0,3.2192757448895275,4
10351650.0,3.289893312103481,7
10351700.0,3.456947396766647,4
11059300.0,1.9480507135544243,16
11066460.0,3.54875494601977,11
11074000.0,2.9714395809849465,16
11078000.0,2.6357482893468047,16
11123000.0,3.0961430594859034,16
11123500.0,1.9171431760913475,16
11126000.0,1.1734104987432958,16
11128500.0,1.9610098581969293,16
11133000.0,2.1447610078004784,16
11133500.0,4.305617940965823,16
11134000.0,2.4501426573516603,16
11134500.0,2.23355650658361,16
11135250.0,2.089701230617451,16
11242000.0,2.2891705185721842,11
11254000.0,3.574730432423031,4
11261500.0,3.3872674761286574,3
11273400.0,3.591679990736804,5
11274000.0,3.9600509744387278,8
11276500.0,3.3011928673574142,7
11276900.0,2.7969001646330467,6
11289650.0,3.2784646162798583,16
11290000.0,3.6328380632303117,8
11292900.0,2.585317435719913,15
11293580.0,1.8280913984754452,1
11293600.0,1.3016211575619385,16
11294500.0,3.2313971054218724,9
11302000.0,3.3585073239533947,11
11303000.0,3.3123661679555396,6
11303500.0,4.422028292810234,11
11342000.0,3.466516847782798,7
11348500.0,3.1602504532186506,5
11351948.0,4.284827171296749,8
11355010.0,3.4759955917373415,12
11362500.0,3.1166215908294443,7
11363000.0,3.5355097192697493,6
11365000.0,4.130676491469491,14
11370500.0,5.037114926900634,13
11377100.0,4.726059503263545,15
11389000.0,4.961024793542921,13
11389500.0,4.47551697776122,14
11390500.0,4.301494223781961,14
11407815.0,1.8523056565960399,14
11408550.0,-0.12273276538229713,16
11408880.0,1.3057619502279698,8
11410000.0,2.9069010598473755,1
11413000.0,3.2192757448895275,6
11413517.0,0.4219944100593749,8
11413520.0,0.4219944100593749,16
11417500.0,3.2669037938787824,16
11418000.0,3.816502803570734,7
11421000.0,3.829836334440199,12
11421790.0,1.1447003928608648,2
11422500.0,2.7828484111773966,16
11424000.0,2.236819152218426,5
11425500.0,5.075954760216899,14
11447650.0,5.216130695560089,6
11461000.0,2.573756613318837,3
11462080.0,2.994606640266481,9
11462500.0,3.494687724749494,8
11463000.0,3.2784646162798583,9
11463500.0,3.07523637466659,7
11463682.0,3.1030159387736655,9
11463980.0,3.38984148012383,1
11464000.0,3.624740852997692,7
11465390.0,3.7252113833613265,16
11509500.0,3.08922261664133,16
11510700.0,3.754198920234579,14
11516530.0,3.8462570646525265,13
11520500.0,3.9943400479173596,13
11523000.0,4.399805156025524,13
11523200.0,3.1945831322991562,8
11525500.0,3.7029056258470283,8
11525655.0,3.764856214708567,1
11525854.0,3.591679990736804,7
11526250.0,3.566146688731639,11
11526400.0,3.566146688731639,12
11527000.0,3.687753820826426,9
11530000.0,3.9001528328576587,14
11530500.0,5.199435816987919,14
12092000.0,3.161543278220956,16
12093500.0,3.2192757448895275,12
12096500.0,3.8688023029735827,10
12101500.0,4.178532512647126,13
12103380.0,2.0706530356467567,16
12105900.0,3.289893312103481,10
12106700.0,3.503904379854418,9
12113000.0,3.6723689019869465,7
12116400.0,2.662704099335333,16
12116500.0,3.289893312103481,6
12117600.0,3.2493080319884027,4
12119000.0,3.417726683613366,10
12301933.0,4.8238236720294365,14
12305000.0,4.8993312245375815,15
12310100.0,5.052832342796044,4
12322000.0,5.089199986966919,15
12340000.0,3.9542200541279344,12
12399500.0,5.405601031767711,15
12413040.0,1.5206066987274847,16
12413150.0,2.501435951739211,9
12413300.0,2.9477230543676303,5
12413355.0,3.1166215908294443,6
12413445.0,2.734529833906589,5
12413470.0,3.3343450746743146,9
12417610.0,5.152033578093335,16
12419000.0,4.25063580654847,14
12420500.0,4.410978456623649,12
12421500.0,4.291109914476245,10
12422500.0,4.237506515106677,14
12433000.0,4.197051560414364,15
12438000.0,5.70621285222791,15
12450700.0,5.557792847109637,16
12453700.0,5.689852569122703,15
12462600.0,5.919162635352577,16
12472800.0,5.8687317817256845,15
12484500.0,4.110873864173311,13
12500450.0,4.246278501179514,13
12508990.0,4.739482523595686,10
12509050.0,4.410978456623649,12
12510500.0,4.313814708170002,14
13010065.0,3.912422925449473,6
13011000.0,4.048998460455223,5
13013650.0,4.392286323611497,14
13018750.0,4.164414631101341,13
13022500.0,4.259293869291585,14
13032500.0,4.552349409804509,14
13037500.0,4.6930894840259745,14
13038500.0,4.284827171296749,14
13057000.0,4.536141599577656,7
13057155.0,4.818909657227008,13
13060000.0,4.954593903212631,14
13063000.0,2.8556077654598244,5
13066000.0,3.3558512798952784,9
13068500.0,2.513858471737768,10
13069500.0,4.447346100794524,13
13077000.0,5.355028458132079,16
13081500.0,4.980072988513616,13
13087995.0,2.246543702110421,16
13090000.0,2.9714395809849465,16
13090500.0,4.747450693244862,14
13094000.0,4.309724722918476,13
13120500.0,3.130044611161585,7
13127000.0,3.2669037938787824,6
13132500.0,2.8015405441895487,5
13132535.0,2.526128564329582,1
13132565.0,2.0706530356467567,1
13135500.0,2.526128564329582,6
13139500.0,2.986943767520912,11
13139510.0,3.1166215908294443,11
13140800.0,2.7685963884701947,6
13141000.0,2.579553731003163,7
13142500.0,3.4472854858549105,11
13147900.0,2.526128564329582,8
13148500.0,2.580709132633719,6
13154500.0,4.605570106009418,15
13171100.0,1.9480507135544243,2
13171620.0,5.006961888729947,15
13172500.0,5.070224085507913,15
13185000.0,3.836437018471551,13
13206000.0,3.494687724749494,12
13206305.0,3.3547868838394916,5
13210050.0,3.3451559907785304,16
13269000.0,5.412426996838112,15
13277000.0,2.3578542232611865,5
13285500.0,2.842362538709804,7
13290190.0,2.7638002162067017,9
13290450.0,4.353820042783701,16
13292280.0,1.9126487865035082,3
13296500.0,3.277314529896621,10
13302500.0,3.5130368634176907,12
13307000.0,3.9658480921230534,13
13317000.0,4.502915951949335,14
13317660.0,5.15026679318145,16
13349400.0,2.1798523276117487,3
14046890.0,0.48965305853318974,3
14105700.0,5.838094812263795,15
14134000.0,1.894466467420318,16
14144700.0,7.0067858024450915,15
14158500.0,2.828939518377663,9
14158850.0,3.494687724749494,13
14159000.0,3.7325374234533992,12
14162500.0,4.468548308445127,14
14163150.0,4.176193330293954,9
14163900.0,4.043665114479861,11
14164900.0,4.571458271502555,12
14165500.0,4.303558208002813,13
14166000.0,4.831149712121509,14
14174000.0,4.959955846354016,13
14191000.0,5.274024673978992,15
14197900.0,5.14049328135447,14
14226500.0,3.933539848890396,10
14231000.0,4.098295081966451,7
14233500.0,3.918501971525855,12
14238000.0,4.482437420605795,12
14243000.0,4.56354057376577,15
14328000.0,3.624740852997692,5
14330000.0,3.427677014466534,13
14337600.0,3.836437018471551,11
14339000.0,4.048998460455223,12
14359000.0,4.0329123227035995,11
14361500.0,4.394171338307268,11
14372300.0,4.522983515000144,12
21964832.0,6.711338854595584,15
21973007.0,1.0479328409258701,1
21973269.0,4.681853410759049,13
23177483.0,2.7828484111773966,16
34315005.0,4.948121388707014,14
34323531.0,1.0425708977844848,16
73274458.0,0.8666802313208206,1
157155014.0,1.297463147413275,16
208521324.0,2.7443821303496003,16
210166029.0,1.4867051470518033,1
211139110.0,3.6408702349275757,3
212378405.0,5.425940716004834,14
212433550.0,2.9069010598473755,3
392547106023400.0,1.7029282555214393,2
394220106431500.0,3.1692653243148663,9
464243096495100.0,4.0110535288911,1
